bam_filename,bam_index_filename,dataset_pk,is_on_blob,library_id,sample_id
MT0904/A06669/merge32447_bwa-mem-0.7.6a-sb/100bp-150bp/hg19a/A06669_10_lanes_dupsFlagged.bam,MT0904/A06669/merge32447_bwa-mem-0.7.6a-sb/100bp-150bp/hg19a/A06669_10_lanes_dupsFlagged.bam.bai,4785,True,A06669,SA221
wgs_merged/SA232/A06670_A91714/bwa-mem/hg19a/A06670_A91714_merged.bam,wgs_merged/SA232/A06670_A91714/bwa-mem/hg19a/A06670_A91714_merged.bam.bai,6903,True,A06670,SA232
BM01-20/A06671/merge32448_bwa-mem-0.7.6a-sb/100bp-150bp/hg19a/A06671_10_lanes_dupsFlagged.bam,BM01-20/A06671/merge32448_bwa-mem-0.7.6a-sb/100bp-150bp/hg19a/A06671_10_lanes_dupsFlagged.bam.bai,4786,True,A06671,SA238
MT0240/A06672/merge32449_bwa-mem-0.7.6a-sb/100bp-150bp/hg19a/A06672_10_lanes_dupsFlagged.bam,MT0240/A06672/merge32449_bwa-mem-0.7.6a-sb/100bp-150bp/hg19a/A06672_10_lanes_dupsFlagged.bam.bai,4787,True,A06672,SA239
wgs_merged/SA299/A06673_A14558/bwa-mem/hg19a/A06673_A14558_merged.bam,wgs_merged/SA299/A06673_A14558/bwa-mem/hg19a/A06673_A14558_merged.bam.bai,6902,True,A06673,SA299
MT1660/A06678/merge32451_bwa-mem-0.7.6a-sb/100bp-150bp/hg19a/A06678_10_lanes_dupsFlagged.bam,MT1660/A06678/merge32451_bwa-mem-0.7.6a-sb/100bp-150bp/hg19a/A06678_10_lanes_dupsFlagged.bam.bai,4789,True,A06678,SA300
MT0904/A06679/merge32763_bwa-mem-0.7.6a-sb/100bp/hg19a/A06679_9_lanes_dupsFlagged.bam,MT0904/A06679/merge32763_bwa-mem-0.7.6a-sb/100bp/hg19a/A06679_9_lanes_dupsFlagged.bam.bai,5735,True,A06679,SA221N
wgs_merged/SA095N/A06681_A14556/bwa-mem/hg19a/A06681_A14556_merged.bam,wgs_merged/SA095N/A06681_A14556/bwa-mem/hg19a/A06681_A14556_merged.bam.bai,6899,True,A06681,SA095N
MT0365/A06682/merge32762_bwa-mem-0.7.6a-sb/100bp/hg19a/A06682_9_lanes_dupsFlagged.bam,MT0365/A06682/merge32762_bwa-mem-0.7.6a-sb/100bp/hg19a/A06682_9_lanes_dupsFlagged.bam.bai,5737,True,A06682,SA232N
BM01-20/A06683/merge32764_bwa-mem-0.7.6a-sb/100bp/hg19a/A06683_9_lanes_dupsFlagged.bam,BM01-20/A06683/merge32764_bwa-mem-0.7.6a-sb/100bp/hg19a/A06683_9_lanes_dupsFlagged.bam.bai,5738,True,A06683,SA238
MT0240/A06684/merge32761_bwa-mem-0.7.6a-sb/100bp/hg19a/A06684_9_lanes_dupsFlagged.bam,MT0240/A06684/merge32761_bwa-mem-0.7.6a-sb/100bp/hg19a/A06684_9_lanes_dupsFlagged.bam.bai,5739,True,A06684,SA239N
GVM0383/A06685/merge32770_bwa-mem-0.7.6a-sb/100bp/hg19a/A06685_9_lanes_dupsFlagged.bam,GVM0383/A06685/merge32770_bwa-mem-0.7.6a-sb/100bp/hg19a/A06685_9_lanes_dupsFlagged.bam.bai,5740,True,A06685,SA299
GVM0630/A06690/merge32765_bwa-mem-0.7.6a-sb/100bp/hg19a/A06690_9_lanes_dupsFlagged.bam,GVM0630/A06690/merge32765_bwa-mem-0.7.6a-sb/100bp/hg19a/A06690_9_lanes_dupsFlagged.bam.bai,5741,True,A06690,SA300
MT2988/A08453/merge32452_bwa-mem-0.7.6a-sb/100bp-150bp/hg19a/A08453_5_lanes_dupsFlagged.bam,MT2988/A08453/merge32452_bwa-mem-0.7.6a-sb/100bp-150bp/hg19a/A08453_5_lanes_dupsFlagged.bam.bai,4790,True,A08453,SA423
MT2932/A08454/merge32453_bwa-mem-0.7.6a-sb/100bp-150bp/hg19a/A08454_5_lanes_dupsFlagged.bam,MT2932/A08454/merge32453_bwa-mem-0.7.6a-sb/100bp-150bp/hg19a/A08454_5_lanes_dupsFlagged.bam.bai,4791,True,A08454,SA425
MT2988/A08461/merge32767_bwa-mem-0.7.6a-sb/100bp/hg19a/A08461_4_lanes_dupsFlagged.bam,MT2988/A08461/merge32767_bwa-mem-0.7.6a-sb/100bp/hg19a/A08461_4_lanes_dupsFlagged.bam.bai,5742,True,A08461,SA423N
MT2932/A08462/merge32769_bwa-mem-0.7.6a-sb/100bp/hg19a/A08462_4_lanes_dupsFlagged.bam,MT2932/A08462/merge32769_bwa-mem-0.7.6a-sb/100bp/hg19a/A08462_4_lanes_dupsFlagged.bam.bai,5743,True,A08462,SA425N
SA495/A20857/merge32990_bwa-mem-0.7.6a-sb/100bp-150bp/hg19a/A20857_6_lanes_dupsFlagged.bam,SA495/A20857/merge32990_bwa-mem-0.7.6a-sb/100bp-150bp/hg19a/A20857_6_lanes_dupsFlagged.bam.bai,5816,True,A20857,SA495
SA495N/A20871/merge32777_bwa-mem-0.7.6a-sb/100bp/hg19a/A20871_3_lanes_dupsFlagged.bam,SA495N/A20871/merge32777_bwa-mem-0.7.6a-sb/100bp/hg19a/A20871_3_lanes_dupsFlagged.bam.bai,5745,True,A20871,SA495N
SA286/A26500/merge32983_bwa-mem-0.7.6a-sb/100bp-150bp/hg19a/A26500_4_lanes_dupsFlagged.bam,SA286/A26500/merge32983_bwa-mem-0.7.6a-sb/100bp-150bp/hg19a/A26500_4_lanes_dupsFlagged.bam.bai,5817,True,A26500,SA286
SA289/A26501/merge32984_bwa-mem-0.7.6a-sb/100bp-150bp/hg19a/A26501_4_lanes_dupsFlagged.bam,SA289/A26501/merge32984_bwa-mem-0.7.6a-sb/100bp-150bp/hg19a/A26501_4_lanes_dupsFlagged.bam.bai,5818,True,A26501,SA289
SA291/A26502/merge32985_bwa-mem-0.7.6a-sb/100bp-150bp/hg19a/A26502_4_lanes_dupsFlagged.bam,SA291/A26502/merge32985_bwa-mem-0.7.6a-sb/100bp-150bp/hg19a/A26502_4_lanes_dupsFlagged.bam.bai,5819,True,A26502,SA291
SA280/A26503/merge32986_bwa-mem-0.7.6a-sb/100bp-150bp/hg19a/A26503_4_lanes_dupsFlagged.bam,SA280/A26503/merge32986_bwa-mem-0.7.6a-sb/100bp-150bp/hg19a/A26503_4_lanes_dupsFlagged.bam.bai,5820,True,A26503,SA280
SA286N/A26504/merge32768_bwa-mem-0.7.6a-sb/100bp/hg19a/A26504_3_lanes_dupsFlagged.bam,SA286N/A26504/merge32768_bwa-mem-0.7.6a-sb/100bp/hg19a/A26504_3_lanes_dupsFlagged.bam.bai,5746,True,A26504,SA286N
SA289N/A26505/merge32782_bwa-mem-0.7.6a-sb/100bp/hg19a/A26505_3_lanes_dupsFlagged.bam,SA289N/A26505/merge32782_bwa-mem-0.7.6a-sb/100bp/hg19a/A26505_3_lanes_dupsFlagged.bam.bai,5747,True,A26505,SA289N
SA291N/A26506/merge32776_bwa-mem-0.7.6a-sb/100bp/hg19a/A26506_3_lanes_dupsFlagged.bam,SA291N/A26506/merge32776_bwa-mem-0.7.6a-sb/100bp/hg19a/A26506_3_lanes_dupsFlagged.bam.bai,5748,True,A26506,SA291N
SA280N/A26507/merge32766_bwa-mem-0.7.6a-sb/100bp/hg19a/A26507_3_lanes_dupsFlagged.bam,SA280N/A26507/merge32766_bwa-mem-0.7.6a-sb/100bp/hg19a/A26507_3_lanes_dupsFlagged.bam.bai,5749,True,A26507,SA280N
SA530/A30646/merge32454_bwa-mem-0.7.6a-sb/100bp-150bp/hg19a/A30646_6_lanes_dupsFlagged.bam,SA530/A30646/merge32454_bwa-mem-0.7.6a-sb/100bp-150bp/hg19a/A30646_6_lanes_dupsFlagged.bam.bai,4792,True,A30646,SA530
SA533/A30655/merge32455_bwa-mem-0.7.6a-sb/100bp-150bp/hg19a/A30655_6_lanes_dupsFlagged.bam,SA533/A30655/merge32455_bwa-mem-0.7.6a-sb/100bp-150bp/hg19a/A30655_6_lanes_dupsFlagged.bam.bai,4793,True,A30655,SA533
SA533N/A30656/merge32775_bwa-mem-0.7.6a-sb/100bp/hg19a/A30656_3_lanes_dupsFlagged.bam,SA533N/A30656/merge32775_bwa-mem-0.7.6a-sb/100bp/hg19a/A30656_3_lanes_dupsFlagged.bam.bai,5750,True,A30656,SA533N
SA535/A30661/merge32456_bwa-mem-0.7.6a-sb/100bp-150bp/hg19a/A30661_6_lanes_dupsFlagged.bam,SA535/A30661/merge32456_bwa-mem-0.7.6a-sb/100bp-150bp/hg19a/A30661_6_lanes_dupsFlagged.bam.bai,4794,True,A30661,SA535
SA535N/A30662/merge32780_bwa-mem-0.7.6a-sb/100bp/hg19a/A30662_3_lanes_dupsFlagged.bam,SA535N/A30662/merge32780_bwa-mem-0.7.6a-sb/100bp/hg19a/A30662_3_lanes_dupsFlagged.bam.bai,5751,True,A30662,SA535N
SA530N/A34827/merge32774_bwa-mem-0.7.6a-sb/100bp/hg19a/A34827_4_lanes_dupsFlagged.bam,SA530N/A34827/merge32774_bwa-mem-0.7.6a-sb/100bp/hg19a/A34827_4_lanes_dupsFlagged.bam.bai,5752,True,A34827,SA530N
SA576T/A44760/merge32788_bwa-mem-0.7.6a-sb/100bp/hg19a/A44760_5_lanes_dupsFlagged.bam,SA576T/A44760/merge32788_bwa-mem-0.7.6a-sb/100bp/hg19a/A44760_5_lanes_dupsFlagged.bam.bai,5821,True,A44760,SA576T
SA576N/A44773/merge32787_bwa-mem-0.7.6a-sb/100bp/hg19a/A44773_3_lanes_dupsFlagged.bam,SA576N/A44773/merge32787_bwa-mem-0.7.6a-sb/100bp/hg19a/A44773_3_lanes_dupsFlagged.bam.bai,5753,True,A44773,SA576N
MT3120/A46083/merge32457_bwa-mem-0.7.6a-sb/100bp-150bp/hg19a/A46083_4_lanes_dupsFlagged.bam,MT3120/A46083/merge32457_bwa-mem-0.7.6a-sb/100bp-150bp/hg19a/A46083_4_lanes_dupsFlagged.bam.bai,4795,True,A46083,SA409
MT2851/A46087/merge32458_bwa-mem-0.7.6a-sb/100bp-150bp/hg19a/A46087_4_lanes_dupsFlagged.bam,MT2851/A46087/merge32458_bwa-mem-0.7.6a-sb/100bp-150bp/hg19a/A46087_4_lanes_dupsFlagged.bam.bai,4796,True,A46087,SA420
wgs_merged/SA285/A46093_A91715/bwa-mem/hg19a/A46093_A91715_merged.bam,wgs_merged/SA285/A46093_A91715/bwa-mem/hg19a/A46093_A91715_merged.bam.bai,6901,True,A46093,SA285
wgs_merged/SA290/A46094_A91717/bwa-mem/hg19a/A46094_A91717_merged.bam,wgs_merged/SA290/A46094_A91717/bwa-mem/hg19a/A46094_A91717_merged.bam.bai,6900,True,A46094,SA290
wgs_merged/SA288/A46095_A91716/bwa-mem/hg19a/A46095_A91716_merged.bam,wgs_merged/SA288/A46095_A91716/bwa-mem/hg19a/A46095_A91716_merged.bam.bai,6898,True,A46095,SA288
MT1144/A46096/merge32459_bwa-mem-0.7.6a-sb/100bp-150bp/hg19a/A46096_4_lanes_dupsFlagged.bam,MT1144/A46096/merge32459_bwa-mem-0.7.6a-sb/100bp-150bp/hg19a/A46096_4_lanes_dupsFlagged.bam.bai,4797,True,A46096,SA296
MT3120_BC/A46098/merge32771_bwa-mem-0.7.6a-sb/100bp/hg19a/A46098_3_lanes_dupsFlagged.bam,MT3120_BC/A46098/merge32771_bwa-mem-0.7.6a-sb/100bp/hg19a/A46098_3_lanes_dupsFlagged.bam.bai,5754,True,A46098,SA409N
MT2851_BC/A46102/merge32786_bwa-mem-0.7.6a-sb/100bp/hg19a/A46102_3_lanes_dupsFlagged.bam,MT2851_BC/A46102/merge32786_bwa-mem-0.7.6a-sb/100bp/hg19a/A46102_3_lanes_dupsFlagged.bam.bai,5755,True,A46102,SA420N
MT1804_BC/A46108/merge32785_bwa-mem-0.7.6a-sb/100bp/hg19a/A46108_3_lanes_dupsFlagged.bam,MT1804_BC/A46108/merge32785_bwa-mem-0.7.6a-sb/100bp/hg19a/A46108_3_lanes_dupsFlagged.bam.bai,5756,True,A46108,SA285N
MT1584_BC/A46109/merge32784_bwa-mem-0.7.6a-sb/100bp/hg19a/A46109_3_lanes_dupsFlagged.bam,MT1584_BC/A46109/merge32784_bwa-mem-0.7.6a-sb/100bp/hg19a/A46109_3_lanes_dupsFlagged.bam.bai,5757,True,A46109,SA290N
MT1466_BC/A46110/merge32789_bwa-mem-0.7.6a-sb/100bp/hg19a/A46110_3_lanes_dupsFlagged.bam,MT1466_BC/A46110/merge32789_bwa-mem-0.7.6a-sb/100bp/hg19a/A46110_3_lanes_dupsFlagged.bam.bai,5758,True,A46110,SA288N
GVM0278_BC/A46111/merge32783_bwa-mem-0.7.6a-sb/100bp/hg19a/A46111_3_lanes_dupsFlagged.bam,GVM0278_BC/A46111/merge32783_bwa-mem-0.7.6a-sb/100bp/hg19a/A46111_3_lanes_dupsFlagged.bam.bai,5759,True,A46111,SA296N
SA585/A47255/merge32843_bwa-mem-0.7.6a-sb/125bp/hg19a/A47255_4_lanes_dupsFlagged.bam,SA585/A47255/merge32843_bwa-mem-0.7.6a-sb/125bp/hg19a/A47255_4_lanes_dupsFlagged.bam.bai,5825,True,A47255,SA585
SA586/A47256/merge32817_bwa-mem-0.7.6a-sb/125bp/hg19a/A47256_4_lanes_dupsFlagged.bam,SA586/A47256/merge32817_bwa-mem-0.7.6a-sb/125bp/hg19a/A47256_4_lanes_dupsFlagged.bam.bai,5826,True,A47256,SA586
SA588/A47257/merge32842_bwa-mem-0.7.6a-sb/125bp/hg19a/A47257_4_lanes_dupsFlagged.bam,SA588/A47257/merge32842_bwa-mem-0.7.6a-sb/125bp/hg19a/A47257_4_lanes_dupsFlagged.bam.bai,5827,True,A47257,SA588
SA589/A47258/merge32832_bwa-mem-0.7.6a-sb/125bp/hg19a/A47258_4_lanes_dupsFlagged.bam,SA589/A47258/merge32832_bwa-mem-0.7.6a-sb/125bp/hg19a/A47258_4_lanes_dupsFlagged.bam.bai,5828,True,A47258,SA589
SA590/A47259/merge32863_bwa-mem-0.7.6a-sb/125bp/hg19a/A47259_4_lanes_dupsFlagged.bam,SA590/A47259/merge32863_bwa-mem-0.7.6a-sb/125bp/hg19a/A47259_4_lanes_dupsFlagged.bam.bai,5829,True,A47259,SA590
SA591/A47260/merge32874_bwa-mem-0.7.6a-sb/125bp/hg19a/A47260_4_lanes_dupsFlagged.bam,SA591/A47260/merge32874_bwa-mem-0.7.6a-sb/125bp/hg19a/A47260_4_lanes_dupsFlagged.bam.bai,5830,True,A47260,SA591
SA592/A47261/merge32919_bwa-mem-0.7.6a-sb/125bp/hg19a/A47261_4_lanes_dupsFlagged.bam,SA592/A47261/merge32919_bwa-mem-0.7.6a-sb/125bp/hg19a/A47261_4_lanes_dupsFlagged.bam.bai,5831,True,A47261,SA592
SA593/A47262/merge32862_bwa-mem-0.7.6a-sb/125bp/hg19a/A47262_4_lanes_dupsFlagged.bam,SA593/A47262/merge32862_bwa-mem-0.7.6a-sb/125bp/hg19a/A47262_4_lanes_dupsFlagged.bam.bai,5832,True,A47262,SA593
SA595/A47264/merge32831_bwa-mem-0.7.6a-sb/125bp/hg19a/A47264_4_lanes_dupsFlagged.bam,SA595/A47264/merge32831_bwa-mem-0.7.6a-sb/125bp/hg19a/A47264_4_lanes_dupsFlagged.bam.bai,5833,True,A47264,SA595
SA596/A47265/merge32792_bwa-mem-0.7.6a-sb/125bp/hg19a/A47265_4_lanes_dupsFlagged.bam,SA596/A47265/merge32792_bwa-mem-0.7.6a-sb/125bp/hg19a/A47265_4_lanes_dupsFlagged.bam.bai,5834,True,A47265,SA596
SA597/A47266/merge32791_bwa-mem-0.7.6a-sb/125bp/hg19a/A47266_4_lanes_dupsFlagged.bam,SA597/A47266/merge32791_bwa-mem-0.7.6a-sb/125bp/hg19a/A47266_4_lanes_dupsFlagged.bam.bai,5835,True,A47266,SA597
SA598/A47267/merge32915_bwa-mem-0.7.6a-sb/125bp/hg19a/A47267_4_lanes_dupsFlagged.bam,SA598/A47267/merge32915_bwa-mem-0.7.6a-sb/125bp/hg19a/A47267_4_lanes_dupsFlagged.bam.bai,5836,True,A47267,SA598
SA599/A47268/merge32790_bwa-mem-0.7.6a-sb/125bp/hg19a/A47268_4_lanes_dupsFlagged.bam,SA599/A47268/merge32790_bwa-mem-0.7.6a-sb/125bp/hg19a/A47268_4_lanes_dupsFlagged.bam.bai,5837,True,A47268,SA599
SA601/A47269/merge32865_bwa-mem-0.7.6a-sb/125bp/hg19a/A47269_4_lanes_dupsFlagged.bam,SA601/A47269/merge32865_bwa-mem-0.7.6a-sb/125bp/hg19a/A47269_4_lanes_dupsFlagged.bam.bai,5838,True,A47269,SA601
SA600/A47270/merge32794_bwa-mem-0.7.6a-sb/125bp/hg19a/A47270_4_lanes_dupsFlagged.bam,SA600/A47270/merge32794_bwa-mem-0.7.6a-sb/125bp/hg19a/A47270_4_lanes_dupsFlagged.bam.bai,5839,True,A47270,SA600
SA402/A47271/merge32905_bwa-mem-0.7.6a-sb/125bp/hg19a/A47271_4_lanes_dupsFlagged.bam,SA402/A47271/merge32905_bwa-mem-0.7.6a-sb/125bp/hg19a/A47271_4_lanes_dupsFlagged.bam.bai,5840,True,A47271,SA402
SA404/A47273/merge32797_bwa-mem-0.7.6a-sb/125bp/hg19a/A47273_4_lanes_dupsFlagged.bam,SA404/A47273/merge32797_bwa-mem-0.7.6a-sb/125bp/hg19a/A47273_4_lanes_dupsFlagged.bam.bai,5841,True,A47273,SA404
SA654/A47274/merge32881_bwa-mem-0.7.6a-sb/125bp/hg19a/A47274_4_lanes_dupsFlagged.bam,SA654/A47274/merge32881_bwa-mem-0.7.6a-sb/125bp/hg19a/A47274_4_lanes_dupsFlagged.bam.bai,5842,True,A47274,SA654
SA655/A47275/merge32800_bwa-mem-0.7.6a-sb/125bp/hg19a/A47275_4_lanes_dupsFlagged.bam,SA655/A47275/merge32800_bwa-mem-0.7.6a-sb/125bp/hg19a/A47275_4_lanes_dupsFlagged.bam.bai,5843,True,A47275,SA655
SA274/A47276/merge32807_bwa-mem-0.7.6a-sb/125bp/hg19a/A47276_4_lanes_dupsFlagged.bam,SA274/A47276/merge32807_bwa-mem-0.7.6a-sb/125bp/hg19a/A47276_4_lanes_dupsFlagged.bam.bai,5844,True,A47276,SA274
SA287/A47277/merge32806_bwa-mem-0.7.6a-sb/125bp/hg19a/A47277_4_lanes_dupsFlagged.bam,SA287/A47277/merge32806_bwa-mem-0.7.6a-sb/125bp/hg19a/A47277_4_lanes_dupsFlagged.bam.bai,5845,True,A47277,SA287
SA276/A47278/merge32799_bwa-mem-0.7.6a-sb/125bp/hg19a/A47278_4_lanes_dupsFlagged.bam,SA276/A47278/merge32799_bwa-mem-0.7.6a-sb/125bp/hg19a/A47278_4_lanes_dupsFlagged.bam.bai,5846,True,A47278,SA276
SA279/A47279/merge32809_bwa-mem-0.7.6a-sb/125bp/hg19a/A47279_4_lanes_dupsFlagged.bam,SA279/A47279/merge32809_bwa-mem-0.7.6a-sb/125bp/hg19a/A47279_4_lanes_dupsFlagged.bam.bai,5847,True,A47279,SA279
SA585N/A47280/merge32880_bwa-mem-0.7.6a-sb/125bp/hg19a/A47280_2_lanes_dupsFlagged.bam,SA585N/A47280/merge32880_bwa-mem-0.7.6a-sb/125bp/hg19a/A47280_2_lanes_dupsFlagged.bam.bai,5760,True,A47280,SA585N
SA586N/A47281/merge32904_bwa-mem-0.7.6a-sb/125bp/hg19a/A47281_2_lanes_dupsFlagged.bam,SA586N/A47281/merge32904_bwa-mem-0.7.6a-sb/125bp/hg19a/A47281_2_lanes_dupsFlagged.bam.bai,5761,True,A47281,SA586N
SA588N/A47282/merge32898_bwa-mem-0.7.6a-sb/125bp/hg19a/A47282_2_lanes_dupsFlagged.bam,SA588N/A47282/merge32898_bwa-mem-0.7.6a-sb/125bp/hg19a/A47282_2_lanes_dupsFlagged.bam.bai,5762,True,A47282,SA588N
SA589N/A47283/merge32864_bwa-mem-0.7.6a-sb/125bp/hg19a/A47283_2_lanes_dupsFlagged.bam,SA589N/A47283/merge32864_bwa-mem-0.7.6a-sb/125bp/hg19a/A47283_2_lanes_dupsFlagged.bam.bai,5763,True,A47283,SA589N
SA590N/A47284/merge32866_bwa-mem-0.7.6a-sb/125bp/hg19a/A47284_2_lanes_dupsFlagged.bam,SA590N/A47284/merge32866_bwa-mem-0.7.6a-sb/125bp/hg19a/A47284_2_lanes_dupsFlagged.bam.bai,5764,True,A47284,SA590N
SA591N/A47285/merge32891_bwa-mem-0.7.6a-sb/125bp/hg19a/A47285_2_lanes_dupsFlagged.bam,SA591N/A47285/merge32891_bwa-mem-0.7.6a-sb/125bp/hg19a/A47285_2_lanes_dupsFlagged.bam.bai,5765,True,A47285,SA591N
SA592N/A47286/merge32879_bwa-mem-0.7.6a-sb/125bp/hg19a/A47286_2_lanes_dupsFlagged.bam,SA592N/A47286/merge32879_bwa-mem-0.7.6a-sb/125bp/hg19a/A47286_2_lanes_dupsFlagged.bam.bai,5766,True,A47286,SA592N
SA593N/A47287/merge32897_bwa-mem-0.7.6a-sb/125bp/hg19a/A47287_2_lanes_dupsFlagged.bam,SA593N/A47287/merge32897_bwa-mem-0.7.6a-sb/125bp/hg19a/A47287_2_lanes_dupsFlagged.bam.bai,5767,True,A47287,SA593N
SA595N/A47289/merge32878_bwa-mem-0.7.6a-sb/125bp/hg19a/A47289_2_lanes_dupsFlagged.bam,SA595N/A47289/merge32878_bwa-mem-0.7.6a-sb/125bp/hg19a/A47289_2_lanes_dupsFlagged.bam.bai,5768,True,A47289,SA595N
SA596N/A47290/merge32808_bwa-mem-0.7.6a-sb/125bp/hg19a/A47290_2_lanes_dupsFlagged.bam,SA596N/A47290/merge32808_bwa-mem-0.7.6a-sb/125bp/hg19a/A47290_2_lanes_dupsFlagged.bam.bai,5769,True,A47290,SA596N
SA597N/A47291/merge32793_bwa-mem-0.7.6a-sb/125bp/hg19a/A47291_2_lanes_dupsFlagged.bam,SA597N/A47291/merge32793_bwa-mem-0.7.6a-sb/125bp/hg19a/A47291_2_lanes_dupsFlagged.bam.bai,5770,True,A47291,SA597N
SA598N/A47292/merge32914_bwa-mem-0.7.6a-sb/125bp/hg19a/A47292_2_lanes_dupsFlagged.bam,SA598N/A47292/merge32914_bwa-mem-0.7.6a-sb/125bp/hg19a/A47292_2_lanes_dupsFlagged.bam.bai,5771,True,A47292,SA598N
SA599N/A47293/merge32796_bwa-mem-0.7.6a-sb/125bp/hg19a/A47293_2_lanes_dupsFlagged.bam,SA599N/A47293/merge32796_bwa-mem-0.7.6a-sb/125bp/hg19a/A47293_2_lanes_dupsFlagged.bam.bai,5772,True,A47293,SA599N
SA600N/A47294/merge32907_bwa-mem-0.7.6a-sb/125bp/hg19a/A47294_2_lanes_dupsFlagged.bam,SA600N/A47294/merge32907_bwa-mem-0.7.6a-sb/125bp/hg19a/A47294_2_lanes_dupsFlagged.bam.bai,5773,True,A47294,SA600N
SA601N/A47295/merge32906_bwa-mem-0.7.6a-sb/125bp/hg19a/A47295_2_lanes_dupsFlagged.bam,SA601N/A47295/merge32906_bwa-mem-0.7.6a-sb/125bp/hg19a/A47295_2_lanes_dupsFlagged.bam.bai,5774,True,A47295,SA601N
SA402N/A47296/merge32805_bwa-mem-0.7.6a-sb/125bp/hg19a/A47296_2_lanes_dupsFlagged.bam,SA402N/A47296/merge32805_bwa-mem-0.7.6a-sb/125bp/hg19a/A47296_2_lanes_dupsFlagged.bam.bai,5775,True,A47296,SA402N
SA404N/A47298/merge32795_bwa-mem-0.7.6a-sb/125bp/hg19a/A47298_2_lanes_dupsFlagged.bam,SA404N/A47298/merge32795_bwa-mem-0.7.6a-sb/125bp/hg19a/A47298_2_lanes_dupsFlagged.bam.bai,5776,True,A47298,SA404N
SA654N/A47299/merge32913_bwa-mem-0.7.6a-sb/125bp/hg19a/A47299_2_lanes_dupsFlagged.bam,SA654N/A47299/merge32913_bwa-mem-0.7.6a-sb/125bp/hg19a/A47299_2_lanes_dupsFlagged.bam.bai,5777,True,A47299,SA654N
SA655N/A47300/merge32825_bwa-mem-0.7.6a-sb/125bp/hg19a/A47300_2_lanes_dupsFlagged.bam,SA655N/A47300/merge32825_bwa-mem-0.7.6a-sb/125bp/hg19a/A47300_2_lanes_dupsFlagged.bam.bai,5778,True,A47300,SA655N
SA274N/A47301/merge32804_bwa-mem-0.7.6a-sb/125bp/hg19a/A47301_2_lanes_dupsFlagged.bam,SA274N/A47301/merge32804_bwa-mem-0.7.6a-sb/125bp/hg19a/A47301_2_lanes_dupsFlagged.bam.bai,5779,True,A47301,SA274N
SA287N/A47302/merge32803_bwa-mem-0.7.6a-sb/125bp/hg19a/A47302_2_lanes_dupsFlagged.bam,SA287N/A47302/merge32803_bwa-mem-0.7.6a-sb/125bp/hg19a/A47302_2_lanes_dupsFlagged.bam.bai,5780,True,A47302,SA287N
SA276N/A47303/merge32802_bwa-mem-0.7.6a-sb/125bp/hg19a/A47303_2_lanes_dupsFlagged.bam,SA276N/A47303/merge32802_bwa-mem-0.7.6a-sb/125bp/hg19a/A47303_2_lanes_dupsFlagged.bam.bai,5781,True,A47303,SA276N
SA279N/A47304/merge32801_bwa-mem-0.7.6a-sb/125bp/hg19a/A47304_2_lanes_dupsFlagged.bam,SA279N/A47304/merge32801_bwa-mem-0.7.6a-sb/125bp/hg19a/A47304_2_lanes_dupsFlagged.bam.bai,5782,True,A47304,SA279N
SA665/A48156/merge32798_bwa-mem-0.7.6a-sb/125bp/hg19a/A48156_4_lanes_dupsFlagged.bam,SA665/A48156/merge32798_bwa-mem-0.7.6a-sb/125bp/hg19a/A48156_4_lanes_dupsFlagged.bam.bai,5848,True,A48156,SA665
SA665N/A48158/merge32460_bwa-mem-0.7.6a-sb/125bp-150bp/hg19a/A48158_3_lanes_dupsFlagged.bam,SA665N/A48158/merge32460_bwa-mem-0.7.6a-sb/125bp-150bp/hg19a/A48158_3_lanes_dupsFlagged.bam.bai,4798,True,A48158,SA665N
SA275/A48966/merge32932_bwa-mem-0.7.6a-sb/125bp/hg19a/A48966_4_lanes_dupsFlagged.bam,SA275/A48966/merge32932_bwa-mem-0.7.6a-sb/125bp/hg19a/A48966_4_lanes_dupsFlagged.bam.bai,5849,True,A48966,SA275
SA283/A48967/merge32935_bwa-mem-0.7.6a-sb/125bp/hg19a/A48967_4_lanes_dupsFlagged.bam,SA283/A48967/merge32935_bwa-mem-0.7.6a-sb/125bp/hg19a/A48967_4_lanes_dupsFlagged.bam.bai,5850,True,A48967,SA283
SA394/A48969/merge32944_bwa-mem-0.7.6a-sb/125bp/hg19a/A48969_4_lanes_dupsFlagged.bam,SA394/A48969/merge32944_bwa-mem-0.7.6a-sb/125bp/hg19a/A48969_4_lanes_dupsFlagged.bam.bai,5851,True,A48969,SA394
SA395/A48970/merge32929_bwa-mem-0.7.6a-sb/125bp/hg19a/A48970_4_lanes_dupsFlagged.bam,SA395/A48970/merge32929_bwa-mem-0.7.6a-sb/125bp/hg19a/A48970_4_lanes_dupsFlagged.bam.bai,5852,True,A48970,SA395
SA666/A48971/merge32928_bwa-mem-0.7.6a-sb/125bp/hg19a/A48971_4_lanes_dupsFlagged.bam,SA666/A48971/merge32928_bwa-mem-0.7.6a-sb/125bp/hg19a/A48971_4_lanes_dupsFlagged.bam.bai,5853,True,A48971,SA666
SA667/A48972/merge32945_bwa-mem-0.7.6a-sb/125bp/hg19a/A48972_4_lanes_dupsFlagged.bam,SA667/A48972/merge32945_bwa-mem-0.7.6a-sb/125bp/hg19a/A48972_4_lanes_dupsFlagged.bam.bai,5854,True,A48972,SA667
SA668/A48973/merge32930_bwa-mem-0.7.6a-sb/125bp/hg19a/A48973_4_lanes_dupsFlagged.bam,SA668/A48973/merge32930_bwa-mem-0.7.6a-sb/125bp/hg19a/A48973_4_lanes_dupsFlagged.bam.bai,5855,True,A48973,SA668
SA669/A48974/merge32943_bwa-mem-0.7.6a-sb/125bp/hg19a/A48974_4_lanes_dupsFlagged.bam,SA669/A48974/merge32943_bwa-mem-0.7.6a-sb/125bp/hg19a/A48974_4_lanes_dupsFlagged.bam.bai,5856,True,A48974,SA669
SA671/A48976/merge32937_bwa-mem-0.7.6a-sb/125bp/hg19a/A48976_4_lanes_dupsFlagged.bam,SA671/A48976/merge32937_bwa-mem-0.7.6a-sb/125bp/hg19a/A48976_4_lanes_dupsFlagged.bam.bai,5857,True,A48976,SA671
SA672/A48977/merge32940_bwa-mem-0.7.6a-sb/125bp/hg19a/A48977_4_lanes_dupsFlagged.bam,SA672/A48977/merge32940_bwa-mem-0.7.6a-sb/125bp/hg19a/A48977_4_lanes_dupsFlagged.bam.bai,5858,True,A48977,SA672
SA673/A48978/merge32931_bwa-mem-0.7.6a-sb/125bp/hg19a/A48978_4_lanes_dupsFlagged.bam,SA673/A48978/merge32931_bwa-mem-0.7.6a-sb/125bp/hg19a/A48978_4_lanes_dupsFlagged.bam.bai,5859,True,A48978,SA673
SA674/A48979/merge32936_bwa-mem-0.7.6a-sb/125bp/hg19a/A48979_4_lanes_dupsFlagged.bam,SA674/A48979/merge32936_bwa-mem-0.7.6a-sb/125bp/hg19a/A48979_4_lanes_dupsFlagged.bam.bai,5860,True,A48979,SA674
SA675/A48980/merge32946_bwa-mem-0.7.6a-sb/125bp/hg19a/A48980_4_lanes_dupsFlagged.bam,SA675/A48980/merge32946_bwa-mem-0.7.6a-sb/125bp/hg19a/A48980_4_lanes_dupsFlagged.bam.bai,5861,True,A48980,SA675
SA676/A48981/merge32938_bwa-mem-0.7.6a-sb/125bp/hg19a/A48981_4_lanes_dupsFlagged.bam,SA676/A48981/merge32938_bwa-mem-0.7.6a-sb/125bp/hg19a/A48981_4_lanes_dupsFlagged.bam.bai,5862,True,A48981,SA676
SA677/A48982/merge32947_bwa-mem-0.7.6a-sb/125bp/hg19a/A48982_4_lanes_dupsFlagged.bam,SA677/A48982/merge32947_bwa-mem-0.7.6a-sb/125bp/hg19a/A48982_4_lanes_dupsFlagged.bam.bai,5863,True,A48982,SA677
SA678/A48983/merge32933_bwa-mem-0.7.6a-sb/125bp/hg19a/A48983_4_lanes_dupsFlagged.bam,SA678/A48983/merge32933_bwa-mem-0.7.6a-sb/125bp/hg19a/A48983_4_lanes_dupsFlagged.bam.bai,5864,True,A48983,SA678
SA679/A48984/merge32942_bwa-mem-0.7.6a-sb/125bp/hg19a/A48984_4_lanes_dupsFlagged.bam,SA679/A48984/merge32942_bwa-mem-0.7.6a-sb/125bp/hg19a/A48984_4_lanes_dupsFlagged.bam.bai,5865,True,A48984,SA679
SA680/A48985/merge32948_bwa-mem-0.7.6a-sb/125bp/hg19a/A48985_4_lanes_dupsFlagged.bam,SA680/A48985/merge32948_bwa-mem-0.7.6a-sb/125bp/hg19a/A48985_4_lanes_dupsFlagged.bam.bai,5866,True,A48985,SA680
SA681/A48986/merge32934_bwa-mem-0.7.6a-sb/125bp/hg19a/A48986_4_lanes_dupsFlagged.bam,SA681/A48986/merge32934_bwa-mem-0.7.6a-sb/125bp/hg19a/A48986_4_lanes_dupsFlagged.bam.bai,5867,True,A48986,SA681
SA682/A48987/merge32949_bwa-mem-0.7.6a-sb/125bp/hg19a/A48987_4_lanes_dupsFlagged.bam,SA682/A48987/merge32949_bwa-mem-0.7.6a-sb/125bp/hg19a/A48987_4_lanes_dupsFlagged.bam.bai,5868,True,A48987,SA682
SA683/A48988/merge32950_bwa-mem-0.7.6a-sb/125bp/hg19a/A48988_4_lanes_dupsFlagged.bam,SA683/A48988/merge32950_bwa-mem-0.7.6a-sb/125bp/hg19a/A48988_4_lanes_dupsFlagged.bam.bai,5869,True,A48988,SA683
SA275N/A48989/merge32941_bwa-mem-0.7.6a-sb/125bp/hg19a/A48989_2_lanes_dupsFlagged.bam,SA275N/A48989/merge32941_bwa-mem-0.7.6a-sb/125bp/hg19a/A48989_2_lanes_dupsFlagged.bam.bai,5783,True,A48989,SA275N
SA283N/A48990/merge32939_bwa-mem-0.7.6a-sb/125bp/hg19a/A48990_2_lanes_dupsFlagged.bam,SA283N/A48990/merge32939_bwa-mem-0.7.6a-sb/125bp/hg19a/A48990_2_lanes_dupsFlagged.bam.bai,5784,True,A48990,SA283N
SA394N/A48992/merge32951_bwa-mem-0.7.6a-sb/125bp/hg19a/A48992_2_lanes_dupsFlagged.bam,SA394N/A48992/merge32951_bwa-mem-0.7.6a-sb/125bp/hg19a/A48992_2_lanes_dupsFlagged.bam.bai,5785,True,A48992,SA394N
SA395N/A48993/merge32952_bwa-mem-0.7.6a-sb/125bp/hg19a/A48993_2_lanes_dupsFlagged.bam,SA395N/A48993/merge32952_bwa-mem-0.7.6a-sb/125bp/hg19a/A48993_2_lanes_dupsFlagged.bam.bai,5786,True,A48993,SA395N
SA666N/A48994/merge32953_bwa-mem-0.7.6a-sb/125bp/hg19a/A48994_2_lanes_dupsFlagged.bam,SA666N/A48994/merge32953_bwa-mem-0.7.6a-sb/125bp/hg19a/A48994_2_lanes_dupsFlagged.bam.bai,5787,True,A48994,SA666N
SA668N/A48996/merge32954_bwa-mem-0.7.6a-sb/125bp/hg19a/A48996_2_lanes_dupsFlagged.bam,SA668N/A48996/merge32954_bwa-mem-0.7.6a-sb/125bp/hg19a/A48996_2_lanes_dupsFlagged.bam.bai,5788,True,A48996,SA668N
SA669N/A48997/merge32955_bwa-mem-0.7.6a-sb/125bp/hg19a/A48997_2_lanes_dupsFlagged.bam,SA669N/A48997/merge32955_bwa-mem-0.7.6a-sb/125bp/hg19a/A48997_2_lanes_dupsFlagged.bam.bai,5789,True,A48997,SA669N
SA671N/A48999/merge32956_bwa-mem-0.7.6a-sb/125bp/hg19a/A48999_2_lanes_dupsFlagged.bam,SA671N/A48999/merge32956_bwa-mem-0.7.6a-sb/125bp/hg19a/A48999_2_lanes_dupsFlagged.bam.bai,5790,True,A48999,SA671N
SA672N/A49000/merge32957_bwa-mem-0.7.6a-sb/125bp/hg19a/A49000_2_lanes_dupsFlagged.bam,SA672N/A49000/merge32957_bwa-mem-0.7.6a-sb/125bp/hg19a/A49000_2_lanes_dupsFlagged.bam.bai,5791,True,A49000,SA672N
SA673N/A49001/merge32958_bwa-mem-0.7.6a-sb/125bp/hg19a/A49001_2_lanes_dupsFlagged.bam,SA673N/A49001/merge32958_bwa-mem-0.7.6a-sb/125bp/hg19a/A49001_2_lanes_dupsFlagged.bam.bai,5792,True,A49001,SA673N
SA674N/A49002/merge32959_bwa-mem-0.7.6a-sb/125bp/hg19a/A49002_2_lanes_dupsFlagged.bam,SA674N/A49002/merge32959_bwa-mem-0.7.6a-sb/125bp/hg19a/A49002_2_lanes_dupsFlagged.bam.bai,5793,True,A49002,SA674N
SA675N/A49003/merge32960_bwa-mem-0.7.6a-sb/125bp/hg19a/A49003_2_lanes_dupsFlagged.bam,SA675N/A49003/merge32960_bwa-mem-0.7.6a-sb/125bp/hg19a/A49003_2_lanes_dupsFlagged.bam.bai,5794,True,A49003,SA675N
SA676N/A49004/merge32961_bwa-mem-0.7.6a-sb/125bp/hg19a/A49004_2_lanes_dupsFlagged.bam,SA676N/A49004/merge32961_bwa-mem-0.7.6a-sb/125bp/hg19a/A49004_2_lanes_dupsFlagged.bam.bai,5795,True,A49004,SA676N
SA677N/A49005/merge32962_bwa-mem-0.7.6a-sb/125bp/hg19a/A49005_2_lanes_dupsFlagged.bam,SA677N/A49005/merge32962_bwa-mem-0.7.6a-sb/125bp/hg19a/A49005_2_lanes_dupsFlagged.bam.bai,5796,True,A49005,SA677N
SA678N/A49006/merge32963_bwa-mem-0.7.6a-sb/125bp/hg19a/A49006_2_lanes_dupsFlagged.bam,SA678N/A49006/merge32963_bwa-mem-0.7.6a-sb/125bp/hg19a/A49006_2_lanes_dupsFlagged.bam.bai,5797,True,A49006,SA678N
SA679N/A49007/merge32964_bwa-mem-0.7.6a-sb/125bp/hg19a/A49007_2_lanes_dupsFlagged.bam,SA679N/A49007/merge32964_bwa-mem-0.7.6a-sb/125bp/hg19a/A49007_2_lanes_dupsFlagged.bam.bai,5798,True,A49007,SA679N
SA680N/A49008/merge32965_bwa-mem-0.7.6a-sb/125bp/hg19a/A49008_2_lanes_dupsFlagged.bam,SA680N/A49008/merge32965_bwa-mem-0.7.6a-sb/125bp/hg19a/A49008_2_lanes_dupsFlagged.bam.bai,5799,True,A49008,SA680N
SA681N/A49009/merge32966_bwa-mem-0.7.6a-sb/125bp/hg19a/A49009_2_lanes_dupsFlagged.bam,SA681N/A49009/merge32966_bwa-mem-0.7.6a-sb/125bp/hg19a/A49009_2_lanes_dupsFlagged.bam.bai,5800,True,A49009,SA681N
SA683N/A49010/merge32967_bwa-mem-0.7.6a-sb/125bp/hg19a/A49010_2_lanes_dupsFlagged.bam,SA683N/A49010/merge32967_bwa-mem-0.7.6a-sb/125bp/hg19a/A49010_2_lanes_dupsFlagged.bam.bai,5801,True,A49010,SA683N
SA682N/A49011/merge32968_bwa-mem-0.7.6a-sb/125bp/hg19a/A49011_2_lanes_dupsFlagged.bam,SA682N/A49011/merge32968_bwa-mem-0.7.6a-sb/125bp/hg19a/A49011_2_lanes_dupsFlagged.bam.bai,5802,True,A49011,SA682N
SA398/A49012/merge32970_bwa-mem-0.7.6a-sb/125bp/hg19a/A49012_4_lanes_dupsFlagged.bam,SA398/A49012/merge32970_bwa-mem-0.7.6a-sb/125bp/hg19a/A49012_4_lanes_dupsFlagged.bam.bai,5870,True,A49012,SA398
SA272/A49013/merge32971_bwa-mem-0.7.6a-sb/125bp/hg19a/A49013_4_lanes_dupsFlagged.bam,SA272/A49013/merge32971_bwa-mem-0.7.6a-sb/125bp/hg19a/A49013_4_lanes_dupsFlagged.bam.bai,5871,True,A49013,SA272
SA398N/A49014/merge32972_bwa-mem-0.7.6a-sb/125bp/hg19a/A49014_2_lanes_dupsFlagged.bam,SA398N/A49014/merge32972_bwa-mem-0.7.6a-sb/125bp/hg19a/A49014_2_lanes_dupsFlagged.bam.bai,5803,True,A49014,SA398N
SA272N/A49015/merge32973_bwa-mem-0.7.6a-sb/125bp/hg19a/A49015_2_lanes_dupsFlagged.bam,SA272N/A49015/merge32973_bwa-mem-0.7.6a-sb/125bp/hg19a/A49015_2_lanes_dupsFlagged.bam.bai,5804,True,A49015,SA272N
SA604N/A49445/merge32912_bwa-mem-0.7.6a-sb/125bp/hg19a/A49445_2_lanes_dupsFlagged.bam,SA604N/A49445/merge32912_bwa-mem-0.7.6a-sb/125bp/hg19a/A49445_2_lanes_dupsFlagged.bam.bai,5805,True,A49445,SA604N
SA605N/A49446/merge32911_bwa-mem-0.7.6a-sb/125bp/hg19a/A49446_2_lanes_dupsFlagged.bam,SA605N/A49446/merge32911_bwa-mem-0.7.6a-sb/125bp/hg19a/A49446_2_lanes_dupsFlagged.bam.bai,5806,True,A49446,SA605N
SA609N/A49448/merge32917_bwa-mem-0.7.6a-sb/125bp/hg19a/A49448_2_lanes_dupsFlagged.bam,SA609N/A49448/merge32917_bwa-mem-0.7.6a-sb/125bp/hg19a/A49448_2_lanes_dupsFlagged.bam.bai,5807,True,A49448,SA609N
SA610N/A49449/merge32910_bwa-mem-0.7.6a-sb/125bp/hg19a/A49449_2_lanes_dupsFlagged.bam,SA610N/A49449/merge32910_bwa-mem-0.7.6a-sb/125bp/hg19a/A49449_2_lanes_dupsFlagged.bam.bai,5808,True,A49449,SA610N
SA604T/A49450/merge32909_bwa-mem-0.7.6a-sb/125bp/hg19a/A49450_4_lanes_dupsFlagged.bam,SA604T/A49450/merge32909_bwa-mem-0.7.6a-sb/125bp/hg19a/A49450_4_lanes_dupsFlagged.bam.bai,5872,True,A49450,SA604T
SA605T/A49453/merge32918_bwa-mem-0.7.6a-sb/125bp/hg19a/A49453_4_lanes_dupsFlagged.bam,SA605T/A49453/merge32918_bwa-mem-0.7.6a-sb/125bp/hg19a/A49453_4_lanes_dupsFlagged.bam.bai,5873,True,A49453,SA605T
SA609T/A49460/merge32916_bwa-mem-0.7.6a-sb/125bp/hg19a/A49460_4_lanes_dupsFlagged.bam,SA609T/A49460/merge32916_bwa-mem-0.7.6a-sb/125bp/hg19a/A49460_4_lanes_dupsFlagged.bam.bai,5874,True,A49460,SA609T
SA610T/A49461/merge32908_bwa-mem-0.7.6a-sb/125bp/hg19a/A49461_4_lanes_dupsFlagged.bam,SA610T/A49461/merge32908_bwa-mem-0.7.6a-sb/125bp/hg19a/A49461_4_lanes_dupsFlagged.bam.bai,5875,True,A49461,SA610T
SA218/A50135/merge32974_bwa-mem-0.7.6a-sb/125bp/hg19a/A50135_4_lanes_dupsFlagged.bam,SA218/A50135/merge32974_bwa-mem-0.7.6a-sb/125bp/hg19a/A50135_4_lanes_dupsFlagged.bam.bai,5876,True,A50135,SA218
SA219/A50136/merge32975_bwa-mem-0.7.6a-sb/125bp/hg19a/A50136_4_lanes_dupsFlagged.bam,SA219/A50136/merge32975_bwa-mem-0.7.6a-sb/125bp/hg19a/A50136_4_lanes_dupsFlagged.bam.bai,5877,True,A50136,SA219
SA218N/A50137/merge32976_bwa-mem-0.7.6a-sb/125bp/hg19a/A50137_2_lanes_dupsFlagged.bam,SA218N/A50137/merge32976_bwa-mem-0.7.6a-sb/125bp/hg19a/A50137_2_lanes_dupsFlagged.bam.bai,5809,True,A50137,SA218N
SA219N/A50138/merge32977_bwa-mem-0.7.6a-sb/125bp/hg19a/A50138_2_lanes_dupsFlagged.bam,SA219N/A50138/merge32977_bwa-mem-0.7.6a-sb/125bp/hg19a/A50138_2_lanes_dupsFlagged.bam.bai,5810,True,A50138,SA219N
SA718T-1A/A50278/merge32470_bwa-mem-0.7.6a-sb/125bp-150bp/hg19a/A50278_3_lanes_dupsFlagged.bam,SA718T-1A/A50278/merge32470_bwa-mem-0.7.6a-sb/125bp-150bp/hg19a/A50278_3_lanes_dupsFlagged.bam.bai,4807,True,A50278,SA718T-1A
SA718T-1C/A50280/merge32464_bwa-mem-0.7.6a-sb/125bp-150bp/hg19a/A50280_3_lanes_dupsFlagged.bam,SA718T-1C/A50280/merge32464_bwa-mem-0.7.6a-sb/125bp-150bp/hg19a/A50280_3_lanes_dupsFlagged.bam.bai,4801,True,A50280,SA718T-1C
SA720T-1A/A50290/merge32465_bwa-mem-0.7.6a-sb/125bp-150bp/hg19a/A50290_3_lanes_dupsFlagged.bam,SA720T-1A/A50290/merge32465_bwa-mem-0.7.6a-sb/125bp-150bp/hg19a/A50290_3_lanes_dupsFlagged.bam.bai,4802,True,A50290,SA720T-1A
SA720T-1B/A50291/merge32466_bwa-mem-0.7.6a-sb/125bp-150bp/hg19a/A50291_3_lanes_dupsFlagged.bam,SA720T-1B/A50291/merge32466_bwa-mem-0.7.6a-sb/125bp-150bp/hg19a/A50291_3_lanes_dupsFlagged.bam.bai,4803,True,A50291,SA720T-1B
SA720T-1C/A50292/merge32467_bwa-mem-0.7.6a-sb/125bp-150bp/hg19a/A50292_3_lanes_dupsFlagged.bam,SA720T-1C/A50292/merge32467_bwa-mem-0.7.6a-sb/125bp-150bp/hg19a/A50292_3_lanes_dupsFlagged.bam.bai,4804,True,A50292,SA720T-1C
SA720T-2B/A50294/merge32468_bwa-mem-0.7.6a-sb/125bp-150bp/hg19a/A50294_3_lanes_dupsFlagged.bam,SA720T-2B/A50294/merge32468_bwa-mem-0.7.6a-sb/125bp-150bp/hg19a/A50294_3_lanes_dupsFlagged.bam.bai,4805,True,A50294,SA720T-2B
SA720T-2C/A50295/merge32469_bwa-mem-0.7.6a-sb/125bp-150bp/hg19a/A50295_3_lanes_dupsFlagged.bam,SA720T-2C/A50295/merge32469_bwa-mem-0.7.6a-sb/125bp-150bp/hg19a/A50295_3_lanes_dupsFlagged.bam.bai,4806,True,A50295,SA720T-2C
SA667N/A51461/merge32978_bwa-mem-0.7.6a-sb/125bp/hg19a/A51461_2_lanes_dupsFlagged.bam,SA667N/A51461/merge32978_bwa-mem-0.7.6a-sb/125bp/hg19a/A51461_2_lanes_dupsFlagged.bam.bai,5811,True,A51461,SA667N
SA718T-1B/A51587/merge32463_bwa-mem-0.7.6a-sb/125bp-150bp/hg19a/A51587_3_lanes_dupsFlagged.bam,SA718T-1B/A51587/merge32463_bwa-mem-0.7.6a-sb/125bp-150bp/hg19a/A51587_3_lanes_dupsFlagged.bam.bai,4800,True,A51587,SA718T-1B
SA718T-2A/A51588/merge32979_bwa-mem-0.7.6a-sb/125bp/hg19a/A51588_3_lanes_dupsFlagged.bam,SA718T-2A/A51588/merge32979_bwa-mem-0.7.6a-sb/125bp/hg19a/A51588_3_lanes_dupsFlagged.bam.bai,5878,True,A51588,SA718T-2A
SA718T-2B/A51589/merge32980_bwa-mem-0.7.6a-sb/125bp/hg19a/A51589_3_lanes_dupsFlagged.bam,SA718T-2B/A51589/merge32980_bwa-mem-0.7.6a-sb/125bp/hg19a/A51589_3_lanes_dupsFlagged.bam.bai,5879,True,A51589,SA718T-2B
SA718N/A51604/merge32981_bwa-mem-0.7.6a-sb/125bp/hg19a/A51604_2_lanes_dupsFlagged.bam,SA718N/A51604/merge32981_bwa-mem-0.7.6a-sb/125bp/hg19a/A51604_2_lanes_dupsFlagged.bam.bai,5812,True,A51604,SA718N
SA720N/A51606/merge32982_bwa-mem-0.7.6a-sb/125bp/hg19a/A51606_2_lanes_dupsFlagged.bam,SA720N/A51606/merge32982_bwa-mem-0.7.6a-sb/125bp/hg19a/A51606_2_lanes_dupsFlagged.bam.bai,5813,True,A51606,SA720N
SA998N/A66769/H5WLTALXX_7/A66769/150nt/hg19a/bwa-mem-0.7.6a-sb//H5WLTALXX_7_ATCACG.bam.spec,,4774,False,A66769,SA998N
SA998T/A66770/H5WLTALXX_8/A66770/150nt/hg19a/bwa-mem-0.7.6a-sb//H5WLTALXX_8_CGATGT.bam.spec,,4775,False,A66770,SA998T
SA997N/A66771/H5WL3ALXX_1/A66771/150nt/hg19a/bwa-mem-0.7.6a-sb//H5WL3ALXX_1_TTAGGC.bam.spec,,4772,False,A66771,SA997N
SA997T/A66772/H5WL3ALXX_2/A66772/150nt/hg19a/bwa-mem-0.7.6a-sb//H5WL3ALXX_2_TGACCA.bam.spec,,4773,False,A66772,SA997T
SA1017N/A77803/H3LF2CCXY_1/A77803/150nt/hg19a/bwa-mem-0.7.6a-sb/A77803_1_lane_dupsFlagged.bam,SA1017N/A77803/H3LF2CCXY_1/A77803/150nt/hg19a/bwa-mem-0.7.6a-sb/A77803_1_lane_dupsFlagged.bam.bai,99,True,A77803,SA1017N
SA1017T/A77804/merge26667_bwa-mem-0.7.6a-sb/150nt/hg19a/A77804_2_lanes_dupsFlagged.bam,SA1017T/A77804/merge26667_bwa-mem-0.7.6a-sb/150nt/hg19a/A77804_2_lanes_dupsFlagged.bam.bai,5908,True,A77804,SA1017T
SA992N/A77809/H3TG2CCXY_1/A77809/150nt/hg19a/bwa-mem-0.7.6a-sb/A77809_1_lane_dupsFlagged.bam,SA992N/A77809/H3TG2CCXY_1/A77809/150nt/hg19a/bwa-mem-0.7.6a-sb/A77809_1_lane_dupsFlagged.bam.bai,17,True,A77809,SA992N
SA992T/A77810/merge26666_bwa-mem-0.7.6a-sb/150nt/hg19a/A77810_2_lanes_dupsFlagged.bam,SA992T/A77810/merge26666_bwa-mem-0.7.6a-sb/150nt/hg19a/A77810_2_lanes_dupsFlagged.bam.bai,5919,True,A77810,SA992T
SA994N/A77818/H3LC5CCXY_5/A77818/150nt/hg19a/bwa-mem-0.7.6a-sb/A77818_1_lane_dupsFlagged.bam,SA994N/A77818/H3LC5CCXY_5/A77818/150nt/hg19a/bwa-mem-0.7.6a-sb/A77818_1_lane_dupsFlagged.bam.bai,26,True,A77818,SA994N
SA994T/A77819/merge26669_bwa-mem-0.7.6a-sb/150nt/hg19a/A77819_2_lanes_dupsFlagged.bam,SA994T/A77819/merge26669_bwa-mem-0.7.6a-sb/150nt/hg19a/A77819_2_lanes_dupsFlagged.bam.bai,5917,True,A77819,SA994T
SA1027N/A77824/H3LGNCCXY_3/A77824/150nt/hg19a/bwa-mem-0.7.6a-sb/A77824_1_lane_dupsFlagged.bam,SA1027N/A77824/H3LGNCCXY_3/A77824/150nt/hg19a/bwa-mem-0.7.6a-sb/A77824_1_lane_dupsFlagged.bam.bai,32,True,A77824,SA1027N
SA1027T/A77825/merge26670_bwa-mem-0.7.6a-sb/150nt/hg19a/A77825_2_lanes_dupsFlagged.bam,SA1027T/A77825/merge26670_bwa-mem-0.7.6a-sb/150nt/hg19a/A77825_2_lanes_dupsFlagged.bam.bai,5909,True,A77825,SA1027T
SA1028T/A77838/merge27426_bwa-mem-0.7.6a-sb/150nt/hg19a/A77838_2_lanes_dupsFlagged.bam,SA1028T/A77838/merge27426_bwa-mem-0.7.6a-sb/150nt/hg19a/A77838_2_lanes_dupsFlagged.bam.bai,5918,True,A77838,SA1028T
SA1028N/A77839/H3L5GCCXY_2/A77839/150nt/hg19a/bwa-mem-0.7.6a-sb/A77839_1_lane_dupsFlagged.bam,SA1028N/A77839/H3L5GCCXY_2/A77839/150nt/hg19a/bwa-mem-0.7.6a-sb/A77839_1_lane_dupsFlagged.bam.bai,47,True,A77839,SA1028N
SA1026T/A77870/merge27428_bwa-mem-0.7.6a-sb/150nt/hg19a/A77870_2_lanes_dupsFlagged.bam,SA1026T/A77870/merge27428_bwa-mem-0.7.6a-sb/150nt/hg19a/A77870_2_lanes_dupsFlagged.bam.bai,5916,True,A77870,SA1026T
SA1026N/A77871/H7HLNCCXY_5/A77871/150nt/hg19a/bwa-mem-0.7.6a-sb/A77871_1_lane_dupsFlagged.bam,SA1026N/A77871/H7HLNCCXY_5/A77871/150nt/hg19a/bwa-mem-0.7.6a-sb/A77871_1_lane_dupsFlagged.bam.bai,75,True,A77871,SA1026N
SA1035T/A77873/merge27425_bwa-mem-0.7.6a-sb/150nt/hg19a/A77873_2_lanes_dupsFlagged.bam,SA1035T/A77873/merge27425_bwa-mem-0.7.6a-sb/150nt/hg19a/A77873_2_lanes_dupsFlagged.bam.bai,5915,True,A77873,SA1035T
SA1035N/A77874/H7HLNCCXY_8/A77874/150nt/hg19a/bwa-mem-0.7.6a-sb/A77874_1_lane_dupsFlagged.bam,SA1035N/A77874/H7HLNCCXY_8/A77874/150nt/hg19a/bwa-mem-0.7.6a-sb/A77874_1_lane_dupsFlagged.bam.bai,78,True,A77874,SA1035N
SA1040T/A77886/merge27427_bwa-mem-0.7.6a-sb/150nt/hg19a/A77886_2_lanes_dupsFlagged.bam,SA1040T/A77886/merge27427_bwa-mem-0.7.6a-sb/150nt/hg19a/A77886_2_lanes_dupsFlagged.bam.bai,5910,True,A77886,SA1040T
SA1040N/A77887/H3YYTCCXY_5/A77887/150nt/hg19a/bwa-mem-0.7.6a-sb/A77887_1_lane_dupsFlagged.bam,SA1040N/A77887/H3YYTCCXY_5/A77887/150nt/hg19a/bwa-mem-0.7.6a-sb/A77887_1_lane_dupsFlagged.bam.bai,91,True,A77887,SA1040N
SA1065T/A80203/merge24311_bwa-mem-0.7.6a-sb/150nt/hg19a/A80203_2_lanes_dupsFlagged.bam,SA1065T/A80203/merge24311_bwa-mem-0.7.6a-sb/150nt/hg19a/A80203_2_lanes_dupsFlagged.bam.bai,278,True,A80203,SA1065T
SA1070T/A80215/merge24371_bwa-mem-0.7.6a-sb/150nt/hg19a/A80215_2_lanes_dupsFlagged.bam,SA1070T/A80215/merge24371_bwa-mem-0.7.6a-sb/150nt/hg19a/A80215_2_lanes_dupsFlagged.bam.bai,291,True,A80215,SA1070T
SA1064T/A80216/merge24388_bwa-mem-0.7.6a-sb/150nt/hg19a/A80216_2_lanes_dupsFlagged.bam,SA1064T/A80216/merge24388_bwa-mem-0.7.6a-sb/150nt/hg19a/A80216_2_lanes_dupsFlagged.bam.bai,276,True,A80216,SA1064T
SA1072T/A80219/merge24391_bwa-mem-0.7.6a-sb/150nt/hg19a/A80219_2_lanes_dupsFlagged.bam,SA1072T/A80219/merge24391_bwa-mem-0.7.6a-sb/150nt/hg19a/A80219_2_lanes_dupsFlagged.bam.bai,295,True,A80219,SA1072T
SA1062T/A80220/merge24398_bwa-mem-0.7.6a-sb/150nt/hg19a/A80220_2_lanes_dupsFlagged.bam,SA1062T/A80220/merge24398_bwa-mem-0.7.6a-sb/150nt/hg19a/A80220_2_lanes_dupsFlagged.bam.bai,269,True,A80220,SA1062T
SA1071T/A80222/merge24394_bwa-mem-0.7.6a-sb/150nt/hg19a/A80222_2_lanes_dupsFlagged.bam,SA1071T/A80222/merge24394_bwa-mem-0.7.6a-sb/150nt/hg19a/A80222_2_lanes_dupsFlagged.bam.bai,293,True,A80222,SA1071T
SA1073T/A80223/merge24397_bwa-mem-0.7.6a-sb/150nt/hg19a/A80223_2_lanes_dupsFlagged.bam,SA1073T/A80223/merge24397_bwa-mem-0.7.6a-sb/150nt/hg19a/A80223_2_lanes_dupsFlagged.bam.bai,297,True,A80223,SA1073T
SA1069T/A80224/merge24396_bwa-mem-0.7.6a-sb/150nt/hg19a/A80224_2_lanes_dupsFlagged.bam,SA1069T/A80224/merge24396_bwa-mem-0.7.6a-sb/150nt/hg19a/A80224_2_lanes_dupsFlagged.bam.bai,289,True,A80224,SA1069T
SA1074T/A80225/merge24466_bwa-mem-0.7.6a-sb/150nt/hg19a/A80225_2_lanes_dupsFlagged.bam,SA1074T/A80225/merge24466_bwa-mem-0.7.6a-sb/150nt/hg19a/A80225_2_lanes_dupsFlagged.bam.bai,299,True,A80225,SA1074T
SA1058T/A80227/merge24395_bwa-mem-0.7.6a-sb/150nt/hg19a/A80227_2_lanes_dupsFlagged.bam,SA1058T/A80227/merge24395_bwa-mem-0.7.6a-sb/150nt/hg19a/A80227_2_lanes_dupsFlagged.bam.bai,254,True,A80227,SA1058T
SA1058N/A80233/HCVWYCCXY_7/A80233/150nt/hg19a/bwa-mem-0.7.6a-sb/A80233_1_lane_dupsFlagged.bam,SA1058N/A80233/HCVWYCCXY_7/A80233/150nt/hg19a/bwa-mem-0.7.6a-sb/A80233_1_lane_dupsFlagged.bam.bai,253,True,A80233,SA1058N
SA1062N/A80237/HCWGFCCXY_7/A80237/150nt/hg19a/bwa-mem-0.7.6a-sb/A80237_1_lane_dupsFlagged.bam,SA1062N/A80237/HCWGFCCXY_7/A80237/150nt/hg19a/bwa-mem-0.7.6a-sb/A80237_1_lane_dupsFlagged.bam.bai,268,True,A80237,SA1062N
SA1064N/A80239/HCW3TCCXY_2/A80239/150nt/hg19a/bwa-mem-0.7.6a-sb/A80239_1_lane_dupsFlagged.bam,SA1064N/A80239/HCW3TCCXY_2/A80239/150nt/hg19a/bwa-mem-0.7.6a-sb/A80239_1_lane_dupsFlagged.bam.bai,275,True,A80239,SA1064N
SA1065N/A80240/HCW3TCCXY_3/A80240/150nt/hg19a/bwa-mem-0.7.6a-sb/A80240_1_lane_dupsFlagged.bam,SA1065N/A80240/HCW3TCCXY_3/A80240/150nt/hg19a/bwa-mem-0.7.6a-sb/A80240_1_lane_dupsFlagged.bam.bai,277,True,A80240,SA1065N
SA1069N/A80244/HCW3TCCXY_7/A80244/150nt/hg19a/bwa-mem-0.7.6a-sb/A80244_1_lane_dupsFlagged.bam,SA1069N/A80244/HCW3TCCXY_7/A80244/150nt/hg19a/bwa-mem-0.7.6a-sb/A80244_1_lane_dupsFlagged.bam.bai,288,True,A80244,SA1069N
SA1070N/A80245/HCW3TCCXY_8/A80245/150nt/hg19a/bwa-mem-0.7.6a-sb/A80245_1_lane_dupsFlagged.bam,SA1070N/A80245/HCW3TCCXY_8/A80245/150nt/hg19a/bwa-mem-0.7.6a-sb/A80245_1_lane_dupsFlagged.bam.bai,290,True,A80245,SA1070N
SA1071N/A80246/HCVY3CCXY_4/A80246/150nt/hg19a/bwa-mem-0.7.6a-sb/A80246_1_lane_dupsFlagged.bam,SA1071N/A80246/HCVY3CCXY_4/A80246/150nt/hg19a/bwa-mem-0.7.6a-sb/A80246_1_lane_dupsFlagged.bam.bai,292,True,A80246,SA1071N
SA1072N/A80247/HCVY3CCXY_5/A80247/150nt/hg19a/bwa-mem-0.7.6a-sb/A80247_1_lane_dupsFlagged.bam,SA1072N/A80247/HCVY3CCXY_5/A80247/150nt/hg19a/bwa-mem-0.7.6a-sb/A80247_1_lane_dupsFlagged.bam.bai,294,True,A80247,SA1072N
SA1073N/A80248/HCVY3CCXY_6/A80248/150nt/hg19a/bwa-mem-0.7.6a-sb/A80248_1_lane_dupsFlagged.bam,SA1073N/A80248/HCVY3CCXY_6/A80248/150nt/hg19a/bwa-mem-0.7.6a-sb/A80248_1_lane_dupsFlagged.bam.bai,296,True,A80248,SA1073N
SA1074N/A80249/HCVY3CCXY_7/A80249/150nt/hg19a/bwa-mem-0.7.6a-sb/A80249_1_lane_dupsFlagged.bam,SA1074N/A80249/HCVY3CCXY_7/A80249/150nt/hg19a/bwa-mem-0.7.6a-sb/A80249_1_lane_dupsFlagged.bam.bai,298,True,A80249,SA1074N
SA101N/A91659/merge31357_bwa-mem-0.7.6a-sb/150bp/hg19a/A91659_26_lanes_dupsFlagged.bam,SA101N/A91659/merge31357_bwa-mem-0.7.6a-sb/150bp/hg19a/A91659_26_lanes_dupsFlagged.bam.bai,5962,True,A91659,SA101N
SA211N/A91660/merge31365_bwa-mem-0.7.6a-sb/150bp/hg19a/A91660_26_lanes_dupsFlagged.bam,SA211N/A91660/merge31365_bwa-mem-0.7.6a-sb/150bp/hg19a/A91660_26_lanes_dupsFlagged.bam.bai,5907,True,A91660,SA211N
SA212N/A91661/merge29065_bwa-mem-0.7.6a-sb/150bp/hg19a/A91661_19_lanes_dupsFlagged.bam,SA212N/A91661/merge29065_bwa-mem-0.7.6a-sb/150bp/hg19a/A91661_19_lanes_dupsFlagged.bam.bai,5963,True,A91661,SA212N
SA214N/A91662/merge29063_bwa-mem-0.7.6a-sb/150bp/hg19a/A91662_19_lanes_dupsFlagged.bam,SA214N/A91662/merge29063_bwa-mem-0.7.6a-sb/150bp/hg19a/A91662_19_lanes_dupsFlagged.bam.bai,5964,True,A91662,SA214N
SA220N/A91663/merge31363_bwa-mem-0.7.6a-sb/150bp/hg19a/A91663_26_lanes_dupsFlagged.bam,SA220N/A91663/merge31363_bwa-mem-0.7.6a-sb/150bp/hg19a/A91663_26_lanes_dupsFlagged.bam.bai,5906,True,A91663,SA220N
SA224N/A91665/merge31373_bwa-mem-0.7.6a-sb/150bp/hg19a/A91665_26_lanes_dupsFlagged.bam,SA224N/A91665/merge31373_bwa-mem-0.7.6a-sb/150bp/hg19a/A91665_26_lanes_dupsFlagged.bam.bai,5965,True,A91665,SA224N
SA225N/A91666/merge31374_bwa-mem-0.7.6a-sb/150bp/hg19a/A91666_26_lanes_dupsFlagged.bam,SA225N/A91666/merge31374_bwa-mem-0.7.6a-sb/150bp/hg19a/A91666_26_lanes_dupsFlagged.bam.bai,5966,True,A91666,SA225N
SA226N/A91667/merge29058_bwa-mem-0.7.6a-sb/150bp/hg19a/A91667_19_lanes_dupsFlagged.bam,SA226N/A91667/merge29058_bwa-mem-0.7.6a-sb/150bp/hg19a/A91667_19_lanes_dupsFlagged.bam.bai,5967,True,A91667,SA226N
SA228N/A91668/merge31362_bwa-mem-0.7.6a-sb/150bp/hg19a/A91668_26_lanes_dupsFlagged.bam,SA228N/A91668/merge31362_bwa-mem-0.7.6a-sb/150bp/hg19a/A91668_26_lanes_dupsFlagged.bam.bai,5968,True,A91668,SA228N
SA229N/A91669/merge31359_bwa-mem-0.7.6a-sb/150bp/hg19a/A91669_26_lanes_dupsFlagged.bam,SA229N/A91669/merge31359_bwa-mem-0.7.6a-sb/150bp/hg19a/A91669_26_lanes_dupsFlagged.bam.bai,5969,True,A91669,SA229N
SA230N/A91670/merge31371_bwa-mem-0.7.6a-sb/150bp/hg19a/A91670_26_lanes_dupsFlagged.bam,SA230N/A91670/merge31371_bwa-mem-0.7.6a-sb/150bp/hg19a/A91670_26_lanes_dupsFlagged.bam.bai,5912,True,A91670,SA230N
SA231N/A91671/merge31358_bwa-mem-0.7.6a-sb/150bp/hg19a/A91671_26_lanes_dupsFlagged.bam,SA231N/A91671/merge31358_bwa-mem-0.7.6a-sb/150bp/hg19a/A91671_26_lanes_dupsFlagged.bam.bai,5970,True,A91671,SA231N
SA233N/A91672/merge31370_bwa-mem-0.7.6a-sb/150bp/hg19a/A91672_26_lanes_dupsFlagged.bam,SA233N/A91672/merge31370_bwa-mem-0.7.6a-sb/150bp/hg19a/A91672_26_lanes_dupsFlagged.bam.bai,5971,True,A91672,SA233N
SA234N/A91673/merge31368_bwa-mem-0.7.6a-sb/150bp/hg19a/A91673_26_lanes_dupsFlagged.bam,SA234N/A91673/merge31368_bwa-mem-0.7.6a-sb/150bp/hg19a/A91673_26_lanes_dupsFlagged.bam.bai,5913,True,A91673,SA234N
SA237N/A91674/merge31361_bwa-mem-0.7.6a-sb/150bp/hg19a/A91674_26_lanes_dupsFlagged.bam,SA237N/A91674/merge31361_bwa-mem-0.7.6a-sb/150bp/hg19a/A91674_26_lanes_dupsFlagged.bam.bai,5972,True,A91674,SA237N
SA271N/A91675/merge31372_bwa-mem-0.7.6a-sb/150bp/hg19a/A91675_26_lanes_dupsFlagged.bam,SA271N/A91675/merge31372_bwa-mem-0.7.6a-sb/150bp/hg19a/A91675_26_lanes_dupsFlagged.bam.bai,5973,True,A91675,SA271N
SA277N/A91676/merge31369_bwa-mem-0.7.6a-sb/150bp/hg19a/A91676_26_lanes_dupsFlagged.bam,SA277N/A91676/merge31369_bwa-mem-0.7.6a-sb/150bp/hg19a/A91676_26_lanes_dupsFlagged.bam.bai,5974,True,A91676,SA277N
SA278N/A91677/merge31355_bwa-mem-0.7.6a-sb/150bp/hg19a/A91677_26_lanes_dupsFlagged.bam,SA278N/A91677/merge31355_bwa-mem-0.7.6a-sb/150bp/hg19a/A91677_26_lanes_dupsFlagged.bam.bai,5911,True,A91677,SA278N
SA282N/A91678/merge31364_bwa-mem-0.7.6a-sb/150bp/hg19a/A91678_26_lanes_dupsFlagged.bam,SA282N/A91678/merge31364_bwa-mem-0.7.6a-sb/150bp/hg19a/A91678_26_lanes_dupsFlagged.bam.bai,5975,True,A91678,SA282N
SA284N/A91679/merge29044_bwa-mem-0.7.6a-sb/150bp/hg19a/A91679_19_lanes_dupsFlagged.bam,SA284N/A91679/merge29044_bwa-mem-0.7.6a-sb/150bp/hg19a/A91679_19_lanes_dupsFlagged.bam.bai,5976,True,A91679,SA284N
SA297N/A91680/merge31360_bwa-mem-0.7.6a-sb/150bp/hg19a/A91680_26_lanes_dupsFlagged.bam,SA297N/A91680/merge31360_bwa-mem-0.7.6a-sb/150bp/hg19a/A91680_26_lanes_dupsFlagged.bam.bai,5978,True,A91680,SA297N
SA399N/A91681/merge31354_bwa-mem-0.7.6a-sb/150bp/hg19a/A91681_26_lanes_dupsFlagged.bam,SA399N/A91681/merge31354_bwa-mem-0.7.6a-sb/150bp/hg19a/A91681_26_lanes_dupsFlagged.bam.bai,5979,True,A91681,SA399N
SA400N/A91682/merge31366_bwa-mem-0.7.6a-sb/150bp/hg19a/A91682_26_lanes_dupsFlagged.bam,SA400N/A91682/merge31366_bwa-mem-0.7.6a-sb/150bp/hg19a/A91682_26_lanes_dupsFlagged.bam.bai,5980,True,A91682,SA400N
SA415N/A91683/merge29053_bwa-mem-0.7.6a-sb/150bp/hg19a/A91683_19_lanes_dupsFlagged.bam,SA415N/A91683/merge29053_bwa-mem-0.7.6a-sb/150bp/hg19a/A91683_19_lanes_dupsFlagged.bam.bai,5981,True,A91683,SA415N
SA416N/bam/WGS/A91684/lanes_5d0c3c27/SA416N_A91684_5d0c3c27.bam,SA416N/bam/WGS/A91684/lanes_5d0c3c27/SA416N_A91684_5d0c3c27.bam.bai,5982,False,A91684,SA416N
SA294N/A91686/merge31356_bwa-mem-0.7.6a-sb/150bp/hg19a/A91686_26_lanes_dupsFlagged.bam,SA294N/A91686/merge31356_bwa-mem-0.7.6a-sb/150bp/hg19a/A91686_26_lanes_dupsFlagged.bam.bai,5977,True,A91686,SA294N
SA101/A91687/merge32260_bwa-mem-0.7.6a-sb/150bp/hg19a/A91687_56_lanes_dupsFlagged.bam,SA101/A91687/merge32260_bwa-mem-0.7.6a-sb/150bp/hg19a/A91687_56_lanes_dupsFlagged.bam.bai,5928,True,A91687,SA101
SA211/A91688/merge32008_bwa-mem-0.7.6a-sb/150bp/hg19a/A91688_49_lanes_dupsFlagged.bam,SA211/A91688/merge32008_bwa-mem-0.7.6a-sb/150bp/hg19a/A91688_49_lanes_dupsFlagged.bam.bai,4732,True,A91688,SA211
SA212/A91689/merge32252_bwa-mem-0.7.6a-sb/150bp/hg19a/A91689_56_lanes_dupsFlagged.bam,SA212/A91689/merge32252_bwa-mem-0.7.6a-sb/150bp/hg19a/A91689_56_lanes_dupsFlagged.bam.bai,5944,True,A91689,SA212
SA214/A91690/merge28143_bwa-mem-0.7.6a-sb/150bp/hg19a/A91690_21_lanes_dupsFlagged.bam,SA214/A91690/merge28143_bwa-mem-0.7.6a-sb/150bp/hg19a/A91690_21_lanes_dupsFlagged.bam.bai,5945,True,A91690,SA214
SA220/A91691/merge31199_bwa-mem-0.7.6a-sb/150bp/hg19a/A91691_38_lanes_dupsFlagged.bam,SA220/A91691/merge31199_bwa-mem-0.7.6a-sb/150bp/hg19a/A91691_38_lanes_dupsFlagged.bam.bai,5914,True,A91691,SA220
SA224/A91692/merge32265_bwa-mem-0.7.6a-sb/150bp/hg19a/A91692_56_lanes_dupsFlagged.bam,SA224/A91692/merge32265_bwa-mem-0.7.6a-sb/150bp/hg19a/A91692_56_lanes_dupsFlagged.bam.bai,5946,True,A91692,SA224
SA225/A91693/merge32264_bwa-mem-0.7.6a-sb/150bp/hg19a/A91693_56_lanes_dupsFlagged.bam,SA225/A91693/merge32264_bwa-mem-0.7.6a-sb/150bp/hg19a/A91693_56_lanes_dupsFlagged.bam.bai,5947,True,A91693,SA225
SA226/A91694/merge32256_bwa-mem-0.7.6a-sb/150bp/hg19a/A91694_56_lanes_dupsFlagged.bam,SA226/A91694/merge32256_bwa-mem-0.7.6a-sb/150bp/hg19a/A91694_56_lanes_dupsFlagged.bam.bai,5948,True,A91694,SA226
SA228/A91695/merge32258_bwa-mem-0.7.6a-sb/150bp/hg19a/A91695_56_lanes_dupsFlagged.bam,SA228/A91695/merge32258_bwa-mem-0.7.6a-sb/150bp/hg19a/A91695_56_lanes_dupsFlagged.bam.bai,5949,True,A91695,SA228
SA229/A91696/merge32262_bwa-mem-0.7.6a-sb/150bp/hg19a/A91696_56_lanes_dupsFlagged.bam,SA229/A91696/merge32262_bwa-mem-0.7.6a-sb/150bp/hg19a/A91696_56_lanes_dupsFlagged.bam.bai,5950,True,A91696,SA229
SA230/A91697/merge32027_bwa-mem-0.7.6a-sb/150bp/hg19a/A91697_49_lanes_dupsFlagged.bam,SA230/A91697/merge32027_bwa-mem-0.7.6a-sb/150bp/hg19a/A91697_49_lanes_dupsFlagged.bam.bai,4735,True,A91697,SA230
SA231/A91698/merge32275_bwa-mem-0.7.6a-sb/150bp/hg19a/A91698_56_lanes_dupsFlagged.bam,SA231/A91698/merge32275_bwa-mem-0.7.6a-sb/150bp/hg19a/A91698_56_lanes_dupsFlagged.bam.bai,5951,True,A91698,SA231
SA233/A91699/merge32267_bwa-mem-0.7.6a-sb/150bp/hg19a/A91699_56_lanes_dupsFlagged.bam,SA233/A91699/merge32267_bwa-mem-0.7.6a-sb/150bp/hg19a/A91699_56_lanes_dupsFlagged.bam.bai,5952,True,A91699,SA233
SA234/A91700/merge32016_bwa-mem-0.7.6a-sb/150bp/hg19a/A91700_49_lanes_dupsFlagged.bam,SA234/A91700/merge32016_bwa-mem-0.7.6a-sb/150bp/hg19a/A91700_49_lanes_dupsFlagged.bam.bai,4738,True,A91700,SA234
SA237/A91701/merge32261_bwa-mem-0.7.6a-sb/150bp/hg19a/A91701_56_lanes_dupsFlagged.bam,SA237/A91701/merge32261_bwa-mem-0.7.6a-sb/150bp/hg19a/A91701_56_lanes_dupsFlagged.bam.bai,5953,True,A91701,SA237
SA271/A91702/merge32269_bwa-mem-0.7.6a-sb/150bp/hg19a/A91702_56_lanes_dupsFlagged.bam,SA271/A91702/merge32269_bwa-mem-0.7.6a-sb/150bp/hg19a/A91702_56_lanes_dupsFlagged.bam.bai,5954,True,A91702,SA271
SA277/A91703/merge32254_bwa-mem-0.7.6a-sb/150bp/hg19a/A91703_56_lanes_dupsFlagged.bam,SA277/A91703/merge32254_bwa-mem-0.7.6a-sb/150bp/hg19a/A91703_56_lanes_dupsFlagged.bam.bai,5955,True,A91703,SA277
SA278/A91704/merge32019_bwa-mem-0.7.6a-sb/150bp/hg19a/A91704_49_lanes_dupsFlagged.bam,SA278/A91704/merge32019_bwa-mem-0.7.6a-sb/150bp/hg19a/A91704_49_lanes_dupsFlagged.bam.bai,4740,True,A91704,SA278
SA282/A91705/merge32259_bwa-mem-0.7.6a-sb/150bp/hg19a/A91705_56_lanes_dupsFlagged.bam,SA282/A91705/merge32259_bwa-mem-0.7.6a-sb/150bp/hg19a/A91705_56_lanes_dupsFlagged.bam.bai,5956,True,A91705,SA282
SA284/A91706/merge32034_bwa-mem-0.7.6a-sb/150bp/hg19a/A91706_49_lanes_dupsFlagged.bam,SA284/A91706/merge32034_bwa-mem-0.7.6a-sb/150bp/hg19a/A91706_49_lanes_dupsFlagged.bam.bai,4743,True,A91706,SA284
SA297/A91707/merge32257_bwa-mem-0.7.6a-sb/150bp/hg19a/A91707_56_lanes_dupsFlagged.bam,SA297/A91707/merge32257_bwa-mem-0.7.6a-sb/150bp/hg19a/A91707_56_lanes_dupsFlagged.bam.bai,5958,True,A91707,SA297
SA399/A91708/merge32263_bwa-mem-0.7.6a-sb/150bp/hg19a/A91708_56_lanes_dupsFlagged.bam,SA399/A91708/merge32263_bwa-mem-0.7.6a-sb/150bp/hg19a/A91708_56_lanes_dupsFlagged.bam.bai,5959,True,A91708,SA399
SA400/A91709/merge32268_bwa-mem-0.7.6a-sb/150bp/hg19a/A91709_56_lanes_dupsFlagged.bam,SA400/A91709/merge32268_bwa-mem-0.7.6a-sb/150bp/hg19a/A91709_56_lanes_dupsFlagged.bam.bai,5960,True,A91709,SA400
SA416/A91711/merge32266_bwa-mem-0.7.6a-sb/150bp/hg19a/A91711_56_lanes_dupsFlagged.bam,SA416/A91711/merge32266_bwa-mem-0.7.6a-sb/150bp/hg19a/A91711_56_lanes_dupsFlagged.bam.bai,5961,True,A91711,SA416
SA294/A91713/merge32253_bwa-mem-0.7.6a-sb/150bp/hg19a/A91713_56_lanes_dupsFlagged.bam,SA294/A91713/merge32253_bwa-mem-0.7.6a-sb/150bp/hg19a/A91713_56_lanes_dupsFlagged.bam.bai,5957,True,A91713,SA294
VBA0082/HS1644/merge32462_bwa-mem-0.7.6a-sb/100bp-150bp/hg19a/HS1644_10_lanes_dupsFlagged.bam,VBA0082/HS1644/merge32462_bwa-mem-0.7.6a-sb/100bp-150bp/hg19a/HS1644_10_lanes_dupsFlagged.bam.bai,4799,True,HS1644,SA095
